{
  "classification": {
    "log_reg": {
      "accuracy": 0.9824561403508771,
      "precision": 0.9861111111111112,
      "recall": 0.9861111111111112,
      "f1": 0.9861111111111112,
      "roc_auc": 0.9953703703703703
    },
    "svm_rbf": {
      "accuracy": 0.9824561403508771,
      "precision": 0.9861111111111112,
      "recall": 0.9861111111111112,
      "f1": 0.9861111111111112,
      "roc_auc": 0.9950396825396826
    },
    "rf": {
      "accuracy": 0.9473684210526315,
      "precision": 0.9583333333333334,
      "recall": 0.9583333333333334,
      "f1": 0.9583333333333334,
      "roc_auc": 0.9937169312169313
    },
    "cv_roc_auc": {
      "log_reg": 0.9953143278274297,
      "svm_rbf": 0.9945250963143201,
      "rf": 0.9894767615165584
    }
  },
  "regression_radius_mean": {
    "lin_reg": {
      "MAE": 0.04446204183813859,
      "RMSE": 0.0691925787539999,
      "R2": 0.9996038791160342
    },
    "rf_reg": {
      "MAE": 0.08500008771930115,
      "RMSE": 0.164071343219909,
      "R2": 0.99777272330297
    }
  },
  "regression_area_mean": {
    "lin_reg": {
      "MAE": 13.888465003207783,
      "RMSE": 21.910121819845727,
      "R2": 0.9958368973315227
    },
    "rf_reg": {
      "MAE": 7.68685964912277,
      "RMSE": 14.872457065452988,
      "R2": 0.9980818039841032
    }
  }
}